sensor_1,sensor_2,sensor_3,sensor_4,sensor_5,defect
-1.5806113806886228,5.861108848922641,12.172605755940557,2.7810781645394256,5.361935396040634,0
-0.7444920741796159,5.450003501035121,9.30316899792662,4.283969084526265,7.989872205918063,0
1.1791245024175427,9.381987765952783,12.33375400407068,2.984312459212804,8.327820121537167,0
-0.014009237121248555,2.397753111532579,12.879030228066478,4.579097090824756,8.474702004889577,1
1.4313842969527517,2.459021587818088,8.331627981106429,3.1305974044208598,7.782499730053134,1
-0.1865936804800836,7.113563200546887,9.881839582666089,0.8728961267695605,5.898768280281521,0
0.10357360069582598,5.778361428387802,10.621991505960871,3.612388968937671,7.492323599718467,0
0.2211008770173905,4.013533917066631,6.881282456245552,3.01495228182431,7.018939879820194,1
-0.6913986879993874,6.473437357554595,8.358793704911914,4.840150777452699,7.03158621752188,0
-0.5598161789367263,3.8513597146112266,10.358163984256029,2.770826620587612,7.426407510552502,0
-0.99722659172971,8.281424586594259,9.812593716611447,4.0744373634298015,5.813723758142436,0
-0.3066339730037425,3.4749833109602917,14.500743717126957,1.644033960025633,9.068527670122478,0
1.1720478451455993,4.939206836639654,4.9014318461949395,1.8264019132416078,5.895698600562825,0
0.42179809479467617,4.760386262591071,14.317473737917567,2.5092544390484117,7.140472503047736,0
-0.7105160387319034,4.150929014441608,4.322066767559333,3.710182570323957,5.838744120218377,0
-0.10825826665941515,3.9818560769753653,7.066680017833914,1.6181400794958951,7.957481820604442,0
0.2660788219215945,4.6428194346391445,8.462739561349284,3.626185400243653,6.21153717179658,1
0.26123213712074,5.419645924122612,12.413035478842058,3.388063675705502,7.863316264027832,0
-1.5916439805050755,1.8946936102379746,4.655733695338877,3.771614939944854,7.893272488866666,0
0.19528796467911505,4.6290474608264605,6.535246069042037,3.9110198884307947,6.368373409058688,0
-0.06514658452274122,7.808995910409756,7.7361545911356,3.482469778094899,5.889441602625886,0
-1.6130646701091484,6.258330707702657,13.093666290648724,3.3303144660643427,5.47270806770014,1
1.4261788987942348,7.457157819604188,5.023634249511083,3.4118156817459226,6.9210167017975825,1
-0.7812950471457125,3.8644954359039856,6.835457923437531,3.2357700377799348,6.538041334167385,0
0.48855179143418936,3.989189340958998,15.634302731282702,4.1617911463079835,6.733514770632354,0
-0.610535036054222,4.917059574331933,7.783735114217182,4.163155736102192,6.064305783916649,0
1.3890059440919078,9.938174156438528,7.804993476185149,3.9706256376875744,6.293943948718725,0
0.7254795766499702,6.14067136461587,4.685289917098421,3.1697133527614825,8.520857839478575,0
-1.3409561782875543,4.075646033873156,8.6492130508178,2.464485308559102,7.046534226455988,0
0.9591167813241983,2.879968067511107,9.428927334393943,5.246606490187363,5.522966691049112,0
1.6470941861274706,5.606382184165605,8.098648175886343,4.522190504526934,6.247093312565028,0
1.055681784168771,8.525585637489652,8.107887622039106,2.7412856667992225,5.218907625114406,0
-0.37042682115741865,7.421071400299846,10.310634198545698,3.661221139487597,6.225840245513905,0
0.7122149445309981,8.474794303423307,7.211830709921048,3.822676059110232,7.099529615822721,1
1.2723824531377956,6.977679844149079,11.833921636782321,0.988131330043156,6.802582515573179,1
-2.050032380078765,2.1008884267884995,8.654474331861984,1.138171614419942,7.010992296470003,0
1.2192410978790242,4.4138849857620865,10.616576474222676,1.795566852210647,6.956232080766482,0
0.18128998945626135,5.130141550635153,14.43883112420085,3.4971549702670486,6.419515980900396,0
-0.9570919408443419,7.572743669262205,9.008017862161442,1.677598460944034,6.905722864645493,0
0.6592763408358827,2.1024393336255978,10.736421831191938,2.5765021893217726,5.046485542107729,0
0.05637480021716677,6.545741047106806,12.600451567046028,3.3213625295424443,6.417513417703459,0
1.0266764024273145,4.388890697346219,8.462623162764173,4.117678270494452,8.673617085640268,0
1.5310321254916104,4.463277336147354,8.285367290428958,2.040129678319445,4.903208703944529,0
1.071210595545271,2.3643647838866007,7.117599412844716,3.376623076162787,8.273569169827168,1
0.340661872918349,0.2548498247904263,12.83524717983554,1.7539237926837137,6.93603954311515,1
-2.2253242087120957,5.607054869185762,8.859306697229897,5.737465566271824,8.614569925474354,0
-0.7155739981348561,1.2894933961008306,5.693642568405668,4.914069075718189,8.892230772045032,0
-1.3732321403574073,5.924132574606666,7.315342171835119,3.7357332382270245,7.038426902733092,1
0.7197950880686348,4.6590271641703005,8.388184426496075,4.513661852386792,7.832605379010563,0
1.38774523939595,5.506381627340108,8.557383434410186,3.303858869223892,8.034424340458486,0
-0.8077274394503825,6.500901134679262,13.142338838972716,2.94476999082844,7.21335706483733,0
-1.1078235750251217,8.359211175817887,8.164008521300493,1.727039860726419,6.2778006674514115,0
1.8182530498553708,5.975194427102277,6.226718803092653,2.1851928875147486,9.16100023870623,1
0.6108924840331966,7.505939570597782,10.877628105891832,4.361434850149042,8.693297948643743,0
0.3800669772765585,5.190548863021307,12.168429397296451,3.8473260196645636,5.824616406539624,0
-0.5911347214340041,4.003060536130223,9.163978147383993,2.1850836673078335,7.673407987525215,0
-0.5925681574130228,3.3217299784998993,10.65154839197497,2.2301678808077963,7.785784746922595,0
1.5179381038990871,7.266514509159194,8.227534023952973,1.51356475328932,7.180508778880131,0
0.6376338966045788,7.875753662092045,12.775668472831356,0.8866833503000673,4.164746291096954,0
-0.2755179767210455,5.076073687552159,3.7165573735135347,2.9369354501292224,5.768510675276202,1
-0.800445968651168,9.692146622598557,5.310593293080461,4.236542703970387,5.775493356151371,0
-1.6182765802318912,5.661205581786918,7.913504924870955,5.738274926067283,5.878562357271254,0
-0.04712231122199137,2.6933977913210407,11.07973092622677,1.0196530285003873,7.154683099293498,0
-1.1030330935260793,9.187963762162841,9.376079551901976,2.175609687896612,7.778728372442373,0
0.35758189916185656,7.178741264111363,7.947644404002851,2.9068243025170974,7.823178910583367,0
-0.38956481108702085,8.08278061669122,7.42574696622359,2.034315941493651,5.948000637625209,1
-0.3148423316431462,8.73144547924006,9.177655173775257,5.287418318011228,6.36877891678719,0
-0.9534351140513252,5.66009553247727,10.732170826358152,3.6165072066301596,7.960498376341926,0
0.22283996180835203,3.1872993623278365,15.195200183394565,4.855483844149583,6.232857146554773,0
-0.8817469617888747,5.933041814276014,14.708754177942614,3.2003513085383415,6.197134392594705,1
0.4698296424932989,0.49391417745143595,12.25486483761333,2.8312668387405453,7.597760522077158,0
-0.5213393265027166,6.439517410883856,10.781533456252088,2.963739608379952,6.428303509286395,0
0.8331471539128997,4.530414122290766,7.814780837399436,4.189546788437488,6.759761325467916,0
-0.21332585318472622,5.364803589167706,10.20747813341213,2.98783443864962,7.036063426704894,0
0.8178787246448306,7.8912559742167705,2.1637102785084528,4.927436072916263,6.316375637687215,0
-0.4682200976751222,3.9965722603284206,9.78335740684359,3.9758965814708187,5.3035491105964905,0
-0.3359525239235174,5.213866630918339,10.933162063731293,2.8208650468117846,6.2026565877400355,0
-0.008900602124513095,4.767346078562919,8.829109818090735,5.097261707599808,7.897504291843052,1
0.1876081101892466,2.633190292377996,10.891481168297798,2.533473257234213,6.251459943091893,0
0.33966985273749956,2.4345233147347742,11.712205377105631,3.6076463232875318,7.323568173997093,0
0.4701131487973188,4.66024368518958,14.354861881706096,1.153611370673375,5.824448701530633,0
-0.9939793272381239,2.438445649064508,10.930112285142238,2.7153528431758276,7.596237390945067,1
-0.6807375334948651,2.83985067420556,11.885723212261556,1.70695477927839,6.683467756463751,0
-1.631045450715957,0.4007747404079014,7.355241720627399,2.77704038145888,7.158433852074558,1
0.05876220387602785,3.5140376221681073,13.24122256447141,3.3096264561976416,7.716329420491595,0
-0.7693413754886527,3.502243267487927,11.735815400582508,1.218172638398845,6.726913618724563,0
-0.9655631243757011,4.294021819470764,15.27650500030978,4.014089654317415,9.39592647917879,0
-0.2449226412209678,3.4168306254949465,13.67209646796124,2.870475315562867,7.581773479780651,0
-0.4463522629556922,3.6280115655058514,11.521344671901593,4.117212120643857,6.553539089859073,0
0.5770117319590438,3.6360585098896667,3.708596384292699,4.938611586205837,6.847808118641745,0
-1.2514505811771024,6.128103466637237,9.723907326419633,3.145663691935948,5.651613065635539,0
0.47935442970956454,4.219492187128262,9.396118615097416,3.0607536585220143,6.753442172332194,1
-0.6412719570748905,5.795829392827405,11.277814685327701,2.9281171446427683,6.952151249397676,0
-1.3851736772109242,1.891590506346009,9.132118819771888,4.284862804600978,7.231724566572437,0
-1.2418853177013183,4.422424600408828,15.826071088315453,2.2329332050098403,7.043667902302102,0
-0.86220712651951,1.5872736448491782,10.714628165492885,2.8169714249683055,5.13780909720738,0
0.6285859065393666,7.42643203971465,8.677102704976647,2.096828578241725,8.570724278111289,0
-0.41545988716362103,4.38998402794649,4.923097747898624,4.229872863956753,7.806818107374534,0
0.9382442389763261,4.2737568020274965,10.702489926757293,2.8949488175285967,7.097640214778622,0
-1.3249069828824485,3.08121745183798,15.00287182631183,4.110670686667279,7.630459283785196,0
-1.7703199012417237,6.408303994984508,7.0798708057276105,1.6372520367269519,7.288652996769719,0
0.044320355742781994,4.694101834745038,11.196880573271132,1.8218347921810545,9.148495103378297,0
-2.0575729343496416,5.057992125430975,10.133110154799407,2.7412210164397055,6.076265623094451,0
-0.2990340432417239,6.140988588284266,11.198725903828828,2.7229335640290984,5.358345413366594,0
-0.8193777690274093,7.531703071659097,11.982014774093567,2.026616846939102,5.328392558924508,0
-0.4725318791148574,4.911375281744674,14.765468103848907,2.6706576083460414,6.585006476369587,1
-0.7960114258178367,4.4337502060190195,10.167629506369305,2.381736755666047,7.632958554002766,0
0.41655605126222733,2.676868750664607,8.841368590212303,2.8347287170373496,6.39892320023464,0
1.06075551930892,4.416994994119249,8.92836455714055,2.5961580165848837,9.983350644063886,0
-0.5298681711441524,7.867460439085889,11.89782712991197,6.892297883545098,7.36872549528082,0
0.39711011229252224,2.70252266543888,11.045337730437568,2.565499186182667,6.524312882853539,1
0.6341162589205058,6.918377586862746,11.198419004872154,3.736651167036623,8.864439712565208,0
-1.0360870485897027,4.065824011139613,10.408879199764076,2.6493856161865073,8.747682604095578,0
-0.5409526762665753,5.501349677189903,8.03750099122226,1.574843071599673,6.659754621619466,0
1.294792635127861,6.861770780969251,9.102509682366868,1.9568376295988192,7.881086983427698,1
0.4605590532945487,4.948479946443078,9.591693806797148,1.963133313494472,7.772954818580003,0
0.8845511723154132,7.683391133300764,6.091814693171523,2.2270179509851733,6.768895043774797,0
0.15750912007127088,4.15314663757488,10.564459658529318,2.8782626102483855,8.401500900770126,0
1.7775481947146359,5.971049295677064,9.119696838299932,2.9741512086083155,7.8202305319908305,0
1.8066496147999938,0.8500317030533093,9.617981231509903,3.4027218532900103,6.914081931602101,0
-1.2191715447002487,3.17885761285437,9.293253580354559,1.9928864033688687,5.995925137530042,0
-1.0325311995725976,2.87297459159625,6.4602102947217634,2.898348733652175,7.775453244796696,0
1.1892410105314595,2.8275005915310736,5.443509553666716,2.1049544885918765,6.922481322925229,0
-0.034598438728892046,7.654192335504813,18.033166812960744,1.3632505481943806,7.784248218505428,0
-0.16971381051276233,2.3355270218089506,10.86699548016081,3.297387460741146,7.751879256229552,0
2.2760521456598206,4.087477867814124,9.713225449448991,2.3986864126535163,6.828397041551336,0
-1.0518293504885987,3.5932484149964834,6.7360589691996635,2.633411720941118,5.83554644528325,0
1.0502976715397117,3.681164240563339,6.460017932653117,3.069135770095713,5.908481643448612,0
0.8246825295939473,3.517119390203301,9.598722375683296,1.4919072832456513,5.93846337050695,0
-1.2007650373929117,7.636438584934031,9.774505720974028,3.9795609133874317,6.134361166132688,0
0.6967924331647748,2.4223738986078645,6.85952218722176,2.303856572769496,5.89161489596991,0
-0.41093391405715757,4.632375755321765,11.97799386988982,2.3892737449346324,8.153921606385978,0
1.493943182645053,4.416656190031675,7.019653567947144,2.253018124627875,6.4853892506272635,0
-0.6965515638706289,4.657408479668328,9.731349391985503,3.2559854570723514,7.823274999428952,0
0.3543608970120893,3.91857397696804,10.360356202566338,2.81183377962514,7.8481943377733865,0
-0.64190257187143,2.814412750701262,9.107745854735962,1.8106328390154875,6.04003759137283,0
-1.5628028718836215,7.875887453917026,12.064741078482214,3.2161369842123024,7.132944967070137,0
-1.0834941817500887,7.016958626488591,13.058221226597162,4.609079023097486,4.902677786470752,0
0.17360321794412995,2.956818942268975,6.739036137879453,1.5386856367280253,8.563399222782685,0
-0.21194055821071936,6.954823027484924,13.287707756788194,2.236146436043258,5.4506069876612155,0
0.3192043755815362,0.6483940797023893,9.781759343734826,0.5067678837153671,8.447734410073656,0
0.2802938088200442,4.886693803887356,7.915142679829128,3.9603163273042443,6.1868954011110375,0
-0.36759197470648736,7.553854242523399,5.995834995252104,1.814637041486228,6.245509249620238,0
0.005233714871116799,2.680196673187672,10.337052901240058,3.2647670045855635,6.527381396518702,0
-0.30226479597384737,2.7405401801927107,15.444801265848302,2.9383593154084116,9.229477807565297,0
1.0194054551627538,4.571462659507787,9.976037419737583,3.049114232871407,7.662455852982271,0
0.5826340946834035,6.339235673959908,11.651719746802096,3.8721755911532294,7.115634871355687,0
1.6646563686334614,5.506733725477613,9.323467830329916,4.756231429484668,7.264044226281466,0
-0.06924835499580907,3.222973282648339,5.5249764184986425,3.4847855746128062,8.629683262003395,0
-0.006585218427892942,4.515889274628351,6.938272186045137,3.2477530760953295,5.683394931506278,0
-1.2471037996732668,1.239680104091518,8.804613890289794,2.7357630415923317,6.039028683680644,0
-0.8800827178910521,3.995700290908074,9.946700922570457,3.2471109145222927,5.044775577595435,1
0.5912824215286601,3.8165462339549325,13.400804911770305,4.3366994932088305,7.366308532174429,1
-0.5903112932719232,3.695975161432397,5.838228225709762,1.1569086899345045,8.065153651407265,0
-2.300311296404079,8.08627916462633,12.914001807297694,4.809648795670319,6.170720460977197,0
1.7451592329202414,6.279541214042943,8.802804393062942,2.9282900817746724,7.093700314971519,0
1.4778393367450129,1.5840815293362924,6.073480174555745,4.722552721484907,7.243445895033823,0
0.3215378187469344,9.049916371133566,8.184559085962238,2.144616544476354,6.016990126297297,0
1.6013129213659947,4.799379041470149,13.013717598236415,3.881637128218439,7.1851352182899655,0
0.2457788946044584,6.689259018568048,8.499852015617533,3.2280966564865965,5.571728437735626,0
1.212586432905303,4.299575602316219,15.117547041320677,2.9547097256373966,7.398610756090124,0
-0.7913001897837874,6.503282271597752,13.183317586040733,2.784198409731522,5.92860630212961,0
1.1787157867462201,7.535411371045479,10.124628615114267,2.5364155317450816,5.596772015112926,0
0.031824941519070366,6.902527050636787,7.164868277511921,2.406765282303888,8.020700245181164,0
-1.2240056122980745,4.889853861837346,8.213790308120593,2.2817851965374665,7.732776145555855,0
-0.34737425161206686,3.595218898649377,9.903674327032354,1.879981379303114,6.759987954816225,0
-0.20570247367671782,4.546840620215164,8.476093110726726,1.8778425125057097,6.236332346458922,0
-1.071835043216163,4.421185361123017,4.763022744658095,2.0566299104489802,7.371660571941483,0
-1.1517203484659462,6.033423083291315,11.057388098976832,2.090182153181035,7.847515766024768,0
1.3233196681170296,2.21763149574926,6.9490547022503595,3.7405603381190557,6.192290122583373,0
0.785176990335062,5.08200579572632,8.693271625777808,1.8165002004017612,7.064843366014956,0
-0.21840122612757765,6.371678770092714,12.651901992996997,1.3038683646506248,8.005788764502835,0
-0.48867774943224446,6.900121090286984,10.205182316038961,2.978549894852931,7.247620737675774,0
0.7903397479191362,8.250039479550663,7.745068089183361,4.048742422153898,7.334110056039226,0
0.5470501939032484,4.636972753480629,4.8978748232775775,3.051128812827004,6.442172007384176,0
-0.16468458399604557,8.83559764258745,10.257779280264655,0.9082384853364891,6.665502384612225,0
-1.9556819994398429,4.2879305372624446,13.081761166629521,2.4147842177887053,8.069320811755045,0
2.100101579718813,3.9368239762823847,5.5256517187949505,1.6180382976763297,6.070845996279405,0
1.4933998045794168,2.5265375080333805,11.620763173728289,1.6120629318990152,5.3095273879097835,0
0.210612741613757,4.474189436181797,10.667662255622234,2.933520486276467,5.762300741767025,1
-0.7701826019144115,8.12230191750809,13.01877265555075,5.607414236701459,8.811099562716866,0
0.014487738904417144,3.883506114127085,14.378082895594554,2.7674515646128466,5.915006154091762,0
-0.8075551328483295,9.638517171307747,8.659161395871985,1.957874127758707,7.36079907386176,0
-0.24784729436964772,6.382367660277706,8.871635607559384,3.2607494701838644,4.201279537761465,0
-0.8352639588631801,5.411994001411861,6.3130264254693875,3.452130462894377,5.776617055860008,0
1.5043513801234143,3.9249432535370987,9.459719200332959,3.86235716612036,7.205957236204784,1
0.12301283175545466,6.848885806049328,9.544441423738144,2.977298111783589,7.442507075276238,0
1.1323609640011554,2.8407530512233072,9.642609388661576,3.576175382600959,6.877977932138776,0
-0.28824983983981156,4.12651581427399,11.349091160813662,2.401970539782722,7.190271790636853,0
2.5445770854992142,5.732503096921867,7.143201832419844,4.576122378992388,4.754270359269013,0
0.03841022363539162,3.668499653563274,8.324635553332147,3.972697528291849,3.753415517726858,0
-0.21395931203533114,6.721675185788616,8.946609370853722,3.212874085560859,7.354756331134177,0
-0.0889713381143314,4.273727049326167,6.341371458282202,3.524467314129022,8.628473963595484,0
0.13157763574870854,2.5377047095285823,10.215846342562752,4.83332878639776,8.366441668043617,0
-1.858175607263812,4.480731907052553,11.595530831731075,2.959694215587264,6.646473070753322,0
-0.6230384293955504,3.5592582427665,9.420857467843158,3.7201867961205837,4.549819718067576,1
-2.4129088274337644,6.381341995596631,11.005408214042665,1.5254883648860074,6.61932509948759,0
1.5232402724575467,6.367959111571823,7.557512845850459,3.0893227815235185,5.104994250078609,0
0.5439119766628716,8.69969780933419,14.66793293778881,1.8759278526487606,6.914547990280839,0
-0.39199803810762296,5.552670684916947,7.933451060354837,2.7800222729738415,6.440872512683239,0
-0.7593163865388074,4.5456316056656885,6.9894919460769085,3.697111884867187,8.492627970408682,0
-0.15347345476177204,6.444077766924108,10.868962212020671,2.5670526972209404,6.88519914413512,0
0.819634784551307,5.072829891610837,6.836694545198421,3.4033894032942076,8.29142434916471,0
-1.9708549120151988,3.7164746217560354,8.427777668756084,4.092390967516248,9.126534933757723,0
0.14119484481617098,8.066412724148915,15.192209878754149,3.2635973854223748,6.7258558436777305,0
-0.05929437468828941,3.7743061823714728,12.792741555409549,2.5315553202415604,5.932736151487214,0
-0.7421596711597238,5.387092743787677,10.243056223605963,3.88103517421586,6.108431180031808,0
0.5733671155860667,3.512740250966168,14.990492785298375,1.8788861061051756,6.082003906231779,0
1.9884377423408708,5.646781976627849,2.9079677025576274,2.0317910704038886,6.880780747636103,0
0.5748327320487513,7.3602318852132615,9.53207149235981,3.210325976750027,5.5525236993190825,0
-0.35667845404310944,1.1662482876238318,7.679445686951997,1.7785143048543164,7.49804652458064,0
0.8525401610171798,2.3655045651273836,8.814224506526303,4.5930044687210545,5.601396247361531,0
0.4209092238574042,3.0027768026696444,9.641712077161507,3.3643870691667477,7.083000086480637,0
-0.9927334131728712,4.658147630446587,3.5683742816652995,3.3949866712502996,6.078623998194026,0
1.8341126584081269,10.111338859526771,7.513771685807429,2.887515822719474,7.311021591493984,0
0.5505713427184027,6.492291471134119,7.5561845691791785,2.2369821686517914,8.460259052160334,0
0.561507137960676,1.094188217130161,9.880162867194366,2.685463405677826,7.800056436215245,1
-0.23033343635555809,3.134678478172178,8.794733681254723,4.117658346478418,8.894293756710786,0
0.8153474462939648,7.719404550068039,6.313702116968707,4.819128886845936,7.724140244679086,0
0.6782942632887276,6.479233501514659,8.25979120419602,2.657027282540887,5.088399041561305,0
0.9248425466123398,4.403031116626764,7.1739826288946205,4.3275070222883105,6.12592818951481,0
-0.0025440944966996916,3.18355071919013,9.368296787533785,3.4874204485348033,8.294320898034893,0
-1.1747777008279712,3.7129085964455033,11.317217118757481,2.741721370933829,5.943445487867441,0
-0.8149579129237501,5.135278652282619,13.886071862031194,2.579818828450554,6.892168879390644,0
0.2647903145240206,3.1832408950847833,11.092757576631708,1.6502161486058373,6.256387887914169,1
0.411284524929963,3.3759795384451468,11.652116124676905,4.001303787353415,7.12789959152621,0
0.5777655631394936,6.459178640280909,7.173498169133664,3.025601279797307,5.785132192511063,1
-0.7478704540249519,7.965698290452405,9.126216846759084,3.7545006141910897,6.997606552851856,1
-0.13069954532444641,4.156130221337607,9.57644516227547,4.109091267692536,8.958682907856971,0
-0.6940506770534316,4.420966570779914,11.947443738181898,2.675568793256507,5.9054450455715415,0
-0.6479127923346848,4.140687192576995,9.475829334154945,3.903722384974994,4.976675657279566,0
0.4786529467980627,4.563631995444886,14.837735589498806,1.859303698650609,6.661380068959973,0
-0.44241475570123384,5.209764890387537,8.548476627826856,0.9330567045493825,8.649811600791942,1
-1.7855709404087585,3.7007078589084124,6.425661148589933,2.8477314651877195,5.415847772463707,1
-0.8458162960181269,6.223988622689964,9.306015720610667,4.317107216666837,7.697266331856583,0
0.7741378526320246,4.078897515550198,3.7366133137856608,3.3109810508126385,6.845202455265894,0
-0.40853655940863887,2.9099503469984356,10.428576540860224,2.9353098183831787,5.965219599750237,0
0.23046005703620626,5.746121312504634,15.302932905146427,2.8508773462023997,7.107322145636233,0
-0.9702439343108838,6.040537962063841,9.423511600762474,0.9846456381074038,6.508247913571069,1
-1.0470961683417972,4.956789156765337,6.258211073494855,2.978508042774267,7.990614555881045,0
-0.8918385154555252,2.2316748430082827,17.704487446205412,3.1974143327081244,6.217978258551276,0
-0.6541854200088738,6.494995677588829,15.664655641508286,3.3748861453884196,5.499268981752303,0
-1.0931811338445447,4.3140097423862915,6.783934596461959,2.994616089050096,8.015394110471034,0
-1.0435545044890449,3.5682900613965622,14.59024162311892,4.306681605969285,7.214404897878413,0
1.4572164840900519,9.249936734934316,9.639404941849865,2.9450102620119525,7.1636638676075535,0
-0.34477055262749523,8.018251905728425,16.40585041294956,4.16338995931172,6.109861592655693,1
-0.927725839651109,4.817826710313074,11.801836419752076,3.257621203747607,8.284740925090308,0
0.5670187467442526,5.891260524390314,13.209525839583435,4.0553393749738165,5.8758727861986,0
0.5145401398374465,5.918724469575746,13.361605153380225,2.4233638599873055,5.588609049939952,0
-0.22367003687304318,1.8029210949408454,16.81361788173343,3.654175644104301,7.548297598992263,0
-0.6428940771206061,4.799584113081526,10.630476188737159,4.714801031511827,5.654663192370691,0
0.7289558208362634,5.325753317742759,16.375718417766265,1.9891216500187514,6.677097163015795,0
0.4568247236704207,3.728625257396348,11.039885882609232,2.702626366416526,6.010840211358016,0
0.8964715596885365,7.106888869756926,4.866210402155417,3.7056081708832624,7.5246595291599325,0
0.6188196062762212,5.859136830751045,5.713849522220584,3.0298780035909325,6.969672364710808,0
0.47062921324284107,4.432820422754568,16.39360048006305,2.513625428461797,7.508532163639692,0
0.07318260107744631,4.24074301093371,11.761896955732269,2.77052299826228,7.42035415196782,0
1.8086244652418848,8.179680453201943,8.821090364494893,3.3827122151895144,7.6181485813080405,0
1.6637968256506588,4.0171574707969295,7.764512341982616,2.0153593315595537,6.956408097343764,1
-1.453521680443316,3.1435501932838914,16.371211943266843,1.978763476321842,6.2492001736304585,0
0.25177825931861314,4.770973008964567,14.751073623262867,3.1231431269406777,9.255364702140138,0
-1.2638390537189443,7.350548547175373,5.732755512756035,3.723992381676965,7.316456896074973,1
0.7375023814752694,4.526440410025653,10.848486572619626,3.2697585115366485,7.495595946237398,0
0.1667044442483472,3.8434290438684013,10.966989697176,2.6504457362239005,6.150691828393399,0
0.1036905123839268,3.451628033671199,8.509828397625688,4.0873101227870245,5.891323860305069,0
-0.4072000905564894,4.745312850434452,13.323787098152827,3.3056929284072467,9.026496403005613,1
0.7528384762952126,5.241991276378338,11.291711658683042,3.0191322716235347,8.045879107720452,0
-0.38169508032741434,3.5151809827732605,5.4254314831394845,1.9096000987256203,6.007992901060632,1
-0.03744569400447473,4.674259413066183,13.182970898346767,1.7678735755620265,7.484500032577328,0
-0.6428257439290974,6.706405020360297,6.531911099913525,1.426861958087757,6.474485195978336,0
-0.018777902405258326,5.283906105586627,14.09263471910917,1.4464944402126059,5.552482668442526,0
-0.9436660618058693,4.515533327580217,12.294013473886181,3.470231715959261,9.372698051138647,0
-0.3390249630602588,4.842755401671401,6.318404308534045,2.8133044622400347,5.907349339966871,0
-0.3629710178881529,1.2469986107540758,11.828572222779375,1.7996695342032183,6.550873131329399,0
-0.07534181996673332,4.16112656037345,9.55242489540311,4.268898239098307,6.748804245517279,0
0.7849160859424088,5.119123873858785,11.231176856299365,1.9329304145164006,7.436231282164007,0
-0.14675253338411431,4.151380013484012,10.658708364328517,3.340642931096573,6.4749837786418,1
2.7096438271659506,6.295322047328542,10.865698626957634,3.5327271044247412,7.342444378347993,0
-0.09209073172149865,3.5920856940832415,10.797417370619478,1.60154759363322,7.228796513315963,0
-0.27875933120194757,4.612094753967078,5.566416250138517,2.3537538238291953,6.706304188422778,0
-0.3092782171481406,7.709027685611542,7.6052839907790215,3.6671835048966157,8.395143862844265,0
0.10778952763498865,5.886763956289605,11.58194132933645,1.256331322504637,7.3544043134892565,0
-0.48745225226477523,1.9777374461721218,15.612753454826834,3.247274502440065,8.797638249614153,0
-1.957868258098124,3.9467583876191252,14.488975655118784,3.6663789149846018,6.156481756625574,1
-1.7522305578659654,4.604577694207752,15.673314511251679,3.083183933653598,7.561489257426828,0
0.7938076422114246,5.1659769256155155,8.897581397849939,2.7168881494069033,7.659371020771776,1
-2.05347746866174,6.459640260970048,9.31450989793484,2.700223181192995,8.806805259633563,0
-0.14903922772275413,4.497090073452429,15.0894044567525,4.89499176675627,7.338631757574429,0
1.2346855759758972,3.527898110103547,13.785597229917231,4.336612472662129,8.171064572102656,0
2.4724421343324763,3.72535456536444,6.390139837204501,3.3153774909103078,6.349230523008029,0
-0.2463372681538054,2.0786499376725813,11.174650959322364,2.796141907848234,7.4881429454359845,0
1.3019503466291442,7.673532697751687,11.0095049083329,4.374819609722143,5.641360163798956,0
0.795273179985169,3.885219811031715,12.35848883605528,3.2769188252665096,5.174060190659224,0
0.11021633824746835,7.105014542595814,8.921855481640742,1.0390747938294234,6.961371437097654,0
-0.6511805595441794,6.2115151401304445,11.782230127718062,3.341845230660397,7.693281290514247,0
-0.5131590189002015,5.829771178014402,5.619098623014281,3.2384618620219303,5.696868499234255,0
-0.3238438399350988,6.947128248655301,11.319661082885451,4.116244863212191,7.6559954260115965,1
-0.11934102595470848,9.290584191563507,14.240264813955251,3.0843664964962167,7.813566479749663,0
0.6966218021765185,1.098524808423464,10.879843660700095,3.9455086891089914,3.9006818532510077,0
0.7440101329674744,4.874914053378767,12.552063724116545,3.6373082859478614,5.932041065605584,0
-0.13631983228968386,4.530385880879356,9.843466437469843,3.1969245501685895,5.457158020058704,0
0.12944400396679545,7.326288535190928,9.114788233651915,2.1403684363445015,7.1377283012453185,0
1.996184730822224,3.3470841018344784,10.66167332840332,2.807361989411138,7.886317694485524,0
1.7920441413322692,4.391292659738098,15.218278884420247,3.920637499263744,7.628440899217432,0
0.3884668688187513,2.553235303949984,12.294176324301901,1.8756817390149487,7.584807836128398,0
0.3540852346748859,6.480439724354996,11.465355832232255,3.2650061209399897,5.734390146653819,0
0.23219066938115196,4.4084751998942115,15.197252124752156,4.522812514671913,6.8745718544851036,0
-0.700931807171099,6.054204973779445,12.606483567323796,3.2560719396648112,5.832372079544781,0
0.4494522140494249,5.053668710900987,10.92005600230735,1.1540731068631862,8.082168108321222,1
-0.9323776557468628,7.877063150742053,13.267931635645322,2.140556022211141,7.036114197737992,0
0.19655207932911853,9.650275673285913,9.507647837589802,1.2970845915188163,6.716358982933922,0
-1.7394948809762265,5.1190571608327335,14.761674703962514,3.1059357544476867,6.51562163622313,0
-0.23063397126409863,2.651306512782127,5.653861643911016,3.584666833072467,6.126414043577175,1
0.25892725471474337,8.506316891949524,3.4607403450864833,1.760497002317848,5.8621402951247195,0
0.07504637780445902,2.488912051249852,10.00284066326607,3.1987053576403532,5.797102724393705,1
-1.1112541450758144,6.960595418205585,3.2123852147076004,3.176052832940107,7.164539206184976,0
1.426224606850635,2.73434919637498,10.33753212764723,3.8478895490496,8.628463076856427,0
0.41083605055194955,9.72514306573777,5.914412092150052,3.5776609295791886,6.248910666992176,0
0.7379968204410775,0.7025145557936643,5.254766453560407,2.755983382959268,8.19121890398081,0
-1.3984442369804824,4.002653416792377,10.19974036268082,3.6186202875659035,5.522060927575586,0
2.2359953363305967,3.3459635022587784,9.544586450686973,4.31306517163829,7.143909261048058,0
0.5667013538690663,2.862050273975886,7.831397179725666,3.9903107139013207,8.271481363847737,0
0.39061101321265523,3.2589700253873772,7.801878084227132,3.9116997225726498,6.381388818457211,1
-0.521538177839073,2.1155034726742765,11.006058988858275,2.124758567227711,5.837253486800152,0
-0.9382865312972889,6.024016308578574,12.16695141064118,2.9830138721393378,6.809719242849817,0
-1.276160240769572,3.8375522777878643,13.547791086417567,2.9028382561081223,7.672868051925145,0
0.6021314578795639,5.777196990171252,7.9312904984036,1.1568189982439374,5.787050066745033,0
1.0288019296765516,5.471030284279721,13.136265195345977,3.193723677486209,6.6258976184587555,0
0.12091965690422748,3.465141249495142,8.54236957647689,2.2380681783700007,7.295815565661536,0
0.07075463269834989,5.734608798650598,8.312046634954594,2.2435310199173584,6.582741492377267,1
0.7492674298508776,4.283753873229554,10.598086497182331,3.7031197905163853,8.492353792341689,0
-0.253685426891856,4.9769648408084874,3.1787688488896606,3.550846106212222,8.350495048750286,1
1.3453234965423917,5.581885915347743,10.593959367517272,3.3014562631904463,6.63061227977846,0
1.159314694526819,6.779138758400196,10.105317186017462,3.3879121856966843,6.85010188052373,0
-1.6368144709514365,5.0368510869912235,4.844120288619544,-0.17337628760756996,8.745209338366097,0
2.0152993526483756,6.0884620311307485,14.504532416578725,2.8797307220951884,7.621764079647799,0
0.5526310700128145,6.982212121263384,5.523199788330496,2.4395090559281747,4.52348283867525,0
-0.055791737089007865,2.9495375795239878,12.571874799595044,2.8090129210290935,4.750960517216136,0
-0.749834837315505,0.03931577865148128,12.981089217199749,1.9181315297494383,6.297349148804896,0
0.5959827447034006,3.062504158377172,7.311093322829065,1.426444455517939,7.122757521780473,0
-2.0562847926216965,6.477974929219172,6.280741606517409,1.7426231781694397,6.82554500084261,1
0.5715073870599672,8.348093227793822,14.093235415400038,3.788996935855767,9.47912808322926,0
-0.7806456749422321,4.230284071828688,13.87291150013084,3.3164515586603427,5.328981522678384,0
0.4607319476823346,5.410272396202923,6.990372377501474,1.6487941593059698,7.036332466278565,0
-1.217815054364188,4.457590192782337,7.88900144209609,2.2236298795751974,7.609023120018352,0
-0.3820199872997676,5.783390280946454,12.814725151311485,2.960509515654633,6.990721078077429,0
-0.2482800824850345,4.57792776135431,9.49832188371962,3.4138709696416463,7.451526220026999,0
-0.36271518104545314,3.3910925115460158,11.0172966945124,3.6696052142587208,5.398129469816718,0
-0.1002971776921569,6.463198182775914,10.902007158635188,1.6212292901169092,7.801818960506747,0
-0.3420451405845328,5.256724555549811,12.758542929424785,2.009153436166511,7.4988244686461245,0
0.47736680460688163,1.9736980974826674,8.649009304767613,4.236084629559427,6.56347203493142,0
0.18228803715514405,8.475550615953443,11.685607007286642,3.9985621453123725,7.296665401845588,1
0.9999068819849696,6.4341384967695605,11.02969805869461,3.918258590711676,5.085675845895622,0
0.8323759593931234,4.706419332664702,6.406111022873519,3.7408344497462513,6.807405537924989,0
-2.140695197692162,3.4749368190185663,13.1394563935731,2.92486986029604,7.213903683400382,0
-0.28481124046727235,3.0632131695291003,11.627075396200665,1.6977959616030416,6.558976609667345,0
-0.4188617520126366,0.13620852595472854,10.302313017782634,3.5385904466580826,6.414428686516335,1
1.4910957189014058,7.73867411997456,5.607174655489421,3.2179138524975897,7.63335613856885,0
0.6161886290627369,4.680542289581876,11.520770397591205,2.6624471864436945,7.99485210118921,0
-0.008055665521502404,2.854820313675235,5.212570397404373,0.4071033404775872,6.741533723678617,1
-0.09466133006868317,2.8394856441013387,10.093327103882535,1.4748385586388821,7.489293372995951,1
-0.13879410097306827,7.043816152085231,12.590722779761727,4.473964938559033,5.905531596907123,1
0.6098494788059112,6.619124214517479,6.5686954816589065,2.6545094891041923,7.622280014255587,0
0.39940371585372786,6.946789214075022,12.306320990201552,3.949956252523914,6.168804874818551,1
0.22820420848422113,5.029101308442265,7.263571732943239,1.5598805578064585,4.403106182382085,0
0.053450242334909075,4.391987808687991,9.657929147416095,4.172949056451735,6.392746262954596,1
0.6528751070004228,2.4322179419867616,7.186484999715637,4.284006242595226,8.782375267558933,1
0.0301875431608738,5.818778952803073,10.095656175895812,2.1398442930275507,7.003725010188076,0
0.5087728968199926,9.300003690247063,12.614047985275612,4.570461413573322,8.04434545404326,1
0.13400251089703713,5.0602902996850405,11.569989290795938,2.6303166637918576,6.457250791803364,0
-0.6010902703642972,6.570779305533411,13.033571243658768,2.7053793159780293,5.485091167983741,0
0.3755732375277533,2.0254331996215007,11.922064728838329,2.253259266970656,6.128171010312298,0
0.8889518681378445,6.627155127911514,9.173237217529325,4.297533752357452,6.771249582547954,0
-0.4078196659501198,5.56568717719713,14.760087906845794,3.214054978374872,8.759034740564527,0
0.4634914755350171,3.925976796362856,9.298300490311412,3.5754086382220063,6.8982340823799575,0
-1.1586779378587797,4.383363310586219,11.369486698043351,4.368114099731212,6.519536186743752,0
-1.228582225490828,7.9212244177422395,12.71775649672274,2.8083834671750116,7.6659522606534765,0
-0.6064491383293248,3.9679363915472883,8.397304634149354,1.9146416761429073,8.515963466597468,0
-0.3835098889727757,2.9229206576806885,11.30197873014492,2.9903206051051106,6.913158731437792,1
-0.9252579479066748,6.456898437328479,13.61769979709144,1.2943654766695487,6.140338906663276,0
-0.08648126690191962,8.318200811206301,15.654666463991141,1.4876716151779361,7.3986694344475055,0
-0.2729448068886721,1.7084289563638655,16.29343708656996,0.8753162479931165,6.2520430702077645,1
0.7891921975107858,6.331128610538504,7.53604698962921,2.6404071682625694,8.471959596253033,0
1.0035142426359414,5.028801514287975,9.794637095708378,3.799148535226676,5.478740375359161,0
-0.8186734041195576,2.8868068552577992,9.385228120199276,2.442660573228631,5.969939126004871,1
-0.5557224240097194,4.7513298681008855,11.609663642179845,3.8385978786686348,6.23063607455621,1
0.43462904433416766,2.4594215144616784,7.540528787356276,2.091588054926919,9.162486872176633,0
0.33525684607675676,6.185487895373763,14.060443362024014,4.1638197656250675,7.927396001891494,0
-1.8929101414011746,5.951152572098818,12.85101084607094,2.682455809168708,5.9494547320187126,0
0.9500033778225688,4.121406834582439,12.201568276983313,2.698348728520776,7.192355590080074,0
0.4747131478855206,4.695626688649877,5.456573185097318,3.674596695031185,7.051035934018334,0
0.40240374400797646,8.73221251107164,9.785649965649824,3.8864114529667555,8.195624634623421,0
1.9191950609332749,5.6414825683718774,3.6167392412473465,1.9916232496388375,7.160035415378833,0
1.6163167295759855,6.560371769809379,8.1391479610176,1.4504364121025393,7.594779700837127,0
-0.4160393192151594,4.696967859080675,12.281300407767718,3.935037284361349,7.814245281973333,0
0.44983521290377365,7.034000203367268,9.076390915618168,2.271327702510691,5.567727669020466,0
1.2011898895551503,1.2589197798327336,9.387879105166666,3.5924724562252868,7.778233257931338,0
0.3916097539143321,3.9243969685881765,6.809656829003925,4.812590622679745,6.047337387530806,0
0.838044067612455,7.729062519491658,11.775588356164157,3.006384383513091,7.024417621101825,0
0.35585985515126645,2.239537839650688,16.058081744528035,4.959460548539893,8.312179717864817,0
-0.07250769157221335,1.055267384146906,7.842570013671625,4.07152736386611,6.4238721731981006,0
-1.1610135839913767,3.834814679747697,10.275129829604387,3.5684848682766566,7.215667339961398,0
-1.3473619589624373,3.8659459876324567,13.405155925770229,2.8570014905890577,6.447249482591484,0
-0.9653673535710343,4.287991122560823,11.090270392527849,3.0940695345441247,7.5941192782014895,0
-1.2643373182918034,5.455015963495594,8.57761369602042,3.7565328784800966,5.384118090180169,0
-0.8462240892315447,3.4449899042242453,11.897570779974902,3.581852781004469,6.840336372424073,0
0.44128335167493,2.1998891851657203,7.641452809134845,2.586498496483989,5.803175712581671,0
0.3526383543898471,6.865076227369591,9.539990648046855,2.5476785340217796,6.894085793874022,0
1.5764018147622056,4.8316273382060935,10.532099841271881,2.7197826722373097,9.282067547422473,1
-0.029962110380354786,3.604863873660315,5.41712447517968,2.047089375992434,6.208272817234529,0
-1.2206825701921196,5.471168058097705,11.271903913907568,3.510227207786924,7.361124367063302,0
0.08497255101127421,5.466249662781314,10.706635116234482,2.826881798561864,8.033734596628264,1
0.47314792836361935,3.0496571788321947,6.570533365084472,1.8665679801251596,7.287606196341376,1
-0.1942169472544855,5.9400949326113155,6.884501241281067,2.0745738398047777,7.023062371625945,0
-2.551260653315375,8.570991451971276,6.750353385407704,1.641055353726507,5.40095065956104,0
1.3232390961376777,5.251270279935431,14.567790118489793,4.037418013276351,5.710283735104472,0
0.09825308563750608,7.2920055793018275,8.203395947549339,3.7179678577388784,8.110589050783176,0
0.974557415147148,3.433558546191361,10.050798902460636,3.349714762161496,7.112980367662445,0
-0.1068259012999552,4.631716101631774,8.630351528688557,1.9045630218691743,6.08944451769691,0
-0.47225513771511474,3.266844107257002,12.093189221861717,2.782338008449133,8.525674746528935,0
-0.8279107346320849,3.228550161936878,5.148021535513335,4.253668588114711,6.74547606529858,0
1.3343181701076883,2.8538425402240377,13.220384007462567,3.3521273984738613,6.519204386544931,0
-0.11352865965121942,9.284503926471505,8.455411028123102,3.045220716335875,7.318555609228992,0
0.16089190333308495,1.5881148156738543,8.872778220825925,3.440607493017568,4.937958530563962,0
-1.4508368842960933,2.869712393508749,15.522160011832888,2.848440101930778,6.570275957619212,0
-1.0259281296424192,3.799820671015295,8.486298874593583,4.116492877620706,7.034857062149885,0
0.6864615598102798,2.731415889193613,10.01226469973014,2.7459934073908157,6.237657863229353,1
-1.344489958072689,4.493916761048047,5.53995325673966,1.7019571094993473,7.350660252094984,0
0.06031707943760245,6.127934599277477,7.355869884657023,3.1152465920235874,6.447319540871801,0
-1.0235746588716996,6.599972889563089,7.89507204559729,4.681259792243496,7.57882311093641,0
-0.5874847509185522,6.679312143111721,6.443326338487693,1.42844931221696,6.44217878665267,0
-0.572046820970573,5.745041129569725,10.917698580798326,3.8331819345113036,8.033215860696727,0
0.5394967234797055,4.91855502854802,6.813189206619015,3.8489066559889134,7.1045753953753366,0
-1.4377075377399278,7.605872937686981,13.942460665716098,3.3549095805177145,6.803853326414656,0
-0.09268337012649767,8.164393695890563,9.72389968733614,2.577993001829766,6.986319113027843,0
0.4309071518842506,6.446625468064024,16.921577661902674,3.025313348414625,7.3578578028744515,0
-2.207998762912609,3.730925160156003,5.944293609008469,2.5408727088552365,7.135209051152141,0
-2.1615092148632042,1.5563617311384466,11.597839469829786,3.3271655541165215,6.5884186912469795,1
-0.7031123457870201,4.314274067473672,3.8336982020453068,4.154553225708305,6.644513720613655,0
-0.8364171946027501,7.516289344485889,9.000104930912311,1.9959595793843035,6.468395969931723,0
-0.44157770140588604,6.120889331933866,3.923991000194258,4.215561405145985,7.051915959898991,0
0.2863548052857552,8.122003737598996,5.827523520596466,4.461141514626297,5.074682469454595,0
1.4824516215519947,5.5072492775769835,9.406651110094225,3.706945451068896,6.735774302768248,0
1.2875894622127144,2.3107709760963275,11.649196214757158,3.155763984298184,5.611245989758004,0
0.988912638291659,4.411907153784114,0.1263135319313342,2.6684851270504657,7.029923878222803,0
0.5986836024403083,8.596763984438791,8.84450033301297,2.8740322710260915,7.258573430361327,0
-0.2623404559629329,4.701046483688867,6.180866446658097,3.15342838874739,6.461076792609636,0
0.7588556190240016,4.179229843617549,9.088248428077838,3.571662039385223,7.070035488988739,1
-1.8967063138419253,8.88996317354565,9.38060222746764,3.0123618008946305,5.148915749107147,0
-1.121300878523026,8.591562660513953,5.712850507138468,2.631412886309764,4.205643844193479,0
0.7849694536022715,6.052129415038891,7.549617239121966,4.837967896961842,4.883349725693182,0
1.400841906769461,4.587827853616878,12.306187317361207,3.6192024710332755,6.559123896310056,0
0.49953329168203814,5.948173254339099,3.59194504637715,3.7441358855263673,6.897289377829463,0
2.0516887342543226,4.046523735649811,10.78670949409939,3.020574503095755,7.678332078625823,0
0.5244923314742239,5.78305893035188,9.339915473309958,4.873920040058775,6.8439766268820295,0
-1.2236653847027377,4.6225036124159145,8.721752762685904,4.276655193589666,8.09247124056747,0
-0.3284988486829542,5.638088429174164,12.834696637387667,2.4861663848847466,6.72059338207271,1
-1.154194768152277,3.849998291832992,8.582022368653314,2.808296823097747,8.335400219784418,0
-1.6122982490012998,12.381702947944422,7.702626983309043,1.2441596948646683,8.342757667244364,0
1.019239272312061,3.270231406534675,17.909664683797587,2.701155779094628,8.124685856893612,0
-1.4064178566840408,4.091694713617672,12.254455117232514,4.942563191701738,7.836501931995621,0
-0.5335752785811101,3.5633380256082114,11.26600645518932,1.8845816670776607,8.355970854050367,0
1.2610172049688677,2.9967325320651645,11.217601981063803,2.5969529557548072,7.170580707439802,0
1.1949975453214416,7.830700831234809,8.733026471850561,3.3523754641767542,7.9262158838565195,0
-1.431669008915984,5.643926834606569,12.318145710407792,3.202612179741288,7.739375538113652,0
-2.1675983824544223,3.6985850150096535,5.532064916428929,2.767259644154944,5.718762846099112,0
-1.606306064324205,3.6105426813505956,14.830086179971893,3.5365885397816066,7.8134991357703,0
0.8024951933192804,5.583909923230103,8.823211911348839,3.5888230245026147,6.6028704549334885,0
0.10488900665704581,2.322228774688689,6.280594458135993,0.9628417943853793,7.156148231652593,0
-0.6052757372522581,6.697096796642173,14.171024316399047,0.6765989515426276,7.494205080563645,1
0.18455747697769498,4.7768004168877205,9.725277487920959,2.8790725791370133,5.974327136457277,0
0.9160068795286357,5.405727212175887,11.799133797118916,0.8676866366215497,6.2478841022159495,0
-0.29859889577892146,1.677867016483971,11.713279947296165,1.9507279747838957,6.118363155251756,1
-0.803854314625443,3.7018978736375967,16.410144216478997,3.12379937570411,6.544092738562302,0
-0.7432572697384084,8.927351318554106,12.899211501629898,3.6692789696459567,7.188634250474134,0
-1.970895038589603,3.6866106882795675,15.081851485814388,2.111196155320631,6.155993942285294,0
0.975174866032174,5.227048765166495,7.311943434852395,3.806370220607683,7.6598094042639415,0
-1.0292869284373816,7.679151228031548,13.789708594422468,3.5387350409314693,7.308331239584584,0
-1.6758220650524156,4.528357342365777,12.86801919347463,3.290894306165659,4.532246979916981,0
0.1915296068879216,4.105762718357669,9.723417112978536,3.0223756236486845,5.14239734306989,0
-0.5140060893584242,3.2330431042082863,11.692542009908385,3.4614769592569967,5.861225753519176,0
-0.14726081728470922,4.4501256857134255,13.191625540850284,2.4164107214666486,7.294847027586347,0
-1.0748377597720695,2.860420937875062,8.412705820208618,2.1939705509943432,7.093457876455845,0
1.4939289870082482,4.878906917239946,12.04046160038841,4.663001831988854,9.173193657668271,0
-0.966994145534843,5.336944406076164,5.345242106271601,3.9235025626278377,4.842956405086538,1
-1.1628657017699664,5.978883088336208,11.897965919562292,4.2708736472574405,5.744553704084124,0
2.449401123785357,4.971994965786247,10.280673087901322,3.8910518082792893,6.583331745578634,0
0.07766202951526643,5.985462440183397,12.549215103415333,4.4680226147949975,5.749310178420258,0
-0.17104677355457995,9.187662907924144,16.495797898532,5.044958693325173,6.321301307481112,0
-2.4361744850676073,6.8417723291214045,8.50567180788268,3.8552992507383497,7.867470127741804,0
-2.9552467010494636,7.957831742881778,19.562726871480788,2.468514919474625,5.927664954711674,0
-0.3641151296047167,5.310687525150666,11.39940512115138,3.2850433412198976,7.215025059798731,0
1.3214521939475878,2.848030098203503,17.110837457465006,3.4400938805521304,8.391576633754337,0
0.455939395581603,4.756706565281293,7.680274412554507,3.0556368388288178,9.393818687509343,1
0.9274303197544843,2.6015817583840772,9.906577779492693,2.7923274279539876,7.1867463969677114,0
-1.0972284162293577,6.138833786772221,9.56795889880723,2.632517969052737,6.879614713125456,0
-1.3518246683436532,7.761565523769995,4.957674220137199,4.807013423528045,6.244586321064783,0
0.7790845871710302,8.534259067474105,18.709068187982666,1.3678658518348763,6.938116567390101,0
-0.7531767908188093,7.857148943849932,10.481739546193445,2.138932947274581,6.809848362561286,0
-0.5000448961371395,3.9761791546105227,10.540503012179668,2.382644157103823,8.529544893104282,0
